owner,project,sha,sha-p,year,language,cve_id,cwe_id,score,severity
mantisbt,mantisbt,7086c2d8b4b20ac14013b36761ac04f0abf21a4e,b66af6d2ed9883c04e71ef132a3b36837f91fc62,2016,php,CVE-2016-6837,CWE-79,4.3,MEDIUM
osTicket,osTicket,70aca8937767bd2c0e99f76f8ec94910c7d38df8,03a84301e2e0e6875058814e877b7f7cffa33a98,2012,php,,CWE-89,,
mantisbt,mantisbt,70b5022f556c9b9b6b0cd661e3357767a3b178c5,60a4d24a794a81e98dc044ce42a9e4b8fa754111,2009,php,,CWE-79,,
micahflee,onionshare,70c55511b13ae04b2108b8cb23177bac04542d1b,9bfde7dfcc317e516dc6f03724c40d35baa45970,2016,py,CVE-2016-5026,CWE-284,2.1,LOW
moodle,moodle,70e9b59d228face74faea3f9440a48a4092c76bc,d371392a7be7ccb03dc589977e01f3a156661cdf,2007,php,MDL-11300,CWE-89,,
moodle,moodle,70e9b59d228face74faea3f9440a48a4092c76bc,d371392a7be7ccb03dc589977e01f3a156661cdf,2007,php,MDL-11300,CWE-352,,
rubinius,rubinius,71307c31cc443b87ce941d92314920acc179ece1,2d6017b6107a7017a434d945a4acdf0caadc1544,2013,rb,CVE-2013-4073,CWE-310,6.8,MEDIUM
pfsense,pfsense,7145cd87d1f6c67c900f6966df5f2d0ace50e109,c3936caf80b590f65bba7829db53bc0da4ef6a67,2014,php,,CWE-22,,
joomla,joomla-cms,717946c6e2cb539e03c5eb61795ff7df7dc402de,42b79e27cf7dd6d818d13f5f8401c858854d9a63,2007,php,,CWE-89,,
realm,realm-cocoa,71c22186fa7ef3626a26201c134ef2cef8a53189,13c6bc97eb6161671fcb39fff109c7cbf4ee2e31,2014,mm,,CWE-401,,
torvalds,linux,72159bb6a0471281d6bac3bef0168953952ab254,2b51cb033bb7d961fec771c3a09ed71da2d31861,2016,c,,CWE-476,,
bonzini,qemu,7285477ab11831b1cf56e45878a89170dd06d9b9,c3adb5b9168a57790b5074489b6f0275ac3cc8b5,2011,c,CVE-2011-3346,CWE-119,4,MEDIUM
deeplearning4j,deeplearning4j,72b70da28e19c1571334e0fd23b2a58cd9441461,93f320bb5e467d6d4779ee8068ae05eaaa5c87e4,2014,java,,CWE-121,,
rubinius,rubinius,738badb0f75a466d2d7a3af11c9fd903c156fd59,573964b7e98d44b7d87bd8ecd1e2ec0321ca2947,2013,cpp,,CWE-401,,
FFmpeg,FFmpeg,747a67fbab8ff74e4281ecbc947910fba13fd65d,754ebe3465e72894a5fef7407d6e1468fd40054e,2002,c,,CWE-119,,
owncloud,core,74b5e22a684c3095dbd48b56da1a10d955c20305,d96e962fc1f5df7efec5266d34735ebcdc20b056,2012,php,,CWE-352,,
naver,pinpoint,75232af9b4dd32caf24b126f5152fd5f11675ea6,b152cab0e88e736782435a41991ae305f2a39177,2016,java,,CWE-79,,
Codiad,Codiad,7535bd5c2ec6a485b545c2a518d61099ef160f6e,763114ac0eaeac1339c31a3355f93591d69042c7,2013,php,,CWE-79,,
WordPress,WordPress,757d3ba8ae2d8c10d90857f372ea22d6f914d3a8,c72cecbc5db600d3d659411dd649bbb1cfc66207,2010,php,,,,
grails,grails-core,757fa246e8047e1f1657bc7b4e1a662a028d8156,65c7ad979545b9f5e8781b0c5eb0266fad2f366b,2015,java,,CWE-611,,
jspahrsummers,libextobjc,75848c6b4d2443d4a3e873eefeae1f87afeb7ed1,32f82592642b2b7086c4c94231678f7411897e71,2010,c,,CWE-401,,
php,php-src,758af77e9d1c3c6e5aea365bc0d35c385278ad5a,afb6ca2566691a673b7e638ffd7e3181e21d80a3,2016,c,,,,
curl,curl,75ca568fa1c19de4c5358fed246686de8467c238,db1a856b4f7cf6ae334fb0656b26a18eea317000,2011,c,CVE-2012-0036,CWE-89,7.5,HIGH
josh,rails,75dcdbc84e53cd824c4f1c3e4cb82c40f27010c8,9f200fb296da721d50af53712d1e7998a5140e76,2013,rb,,,,
php,php-src,75fa63b57fc8df45e3b7b4ae5a1e50a169b171cd,bb16e23891bc8b464dd42a809fea6547566f13e9,2011,c,CVE-2011-2202,CWE-264,6.4,MEDIUM
php,php-src,7667ca40b02b24c8f7950049dfd17e91e9d1b281,395c0680434e96524fa56732cd6e9da7fd75e6f5,2007,c,,,,
curl,curl,768151449b386488ac8fe869f48bf2930123d601,97857de80eea0b3028036c6796c2f485f4caf7d9,2014,c,,CWE-401,,
forkcms,forkcms,772e1b5fd20df0f710d7151a62f40235252171d0,814f9bfa70c31421b7b9146bf96ea8e3a6bd3fa2,2017,php,,CWE-79,,
realm,realm-cocoa,77329db68ebd778e4f9eb63de47879f63ac118b0,dd718fc2911f5321f1d8ca37d47632a3bea40739,2014,m,,CWE-401,,
MISP,MISP,77c9ce3b73ff8908de33c9b5b2695cc8d89e26ea,71b24464699b093753c3a663f6c19d45de57460e,2016,php,,,,
torvalds,linux,785ef73dba6e9fefd2e5dd24546e0efa8698e5cd,70ad89a2508936c553d0222cc0b7c95648ee3580,2016,c,CVE-2016-5400,CWE-119,4.9,MEDIUM
owncloud,core,78cad94ff4676ef401d2a75c8448f3726deefd18,6911d8f0a4e688f3c84f2dd117424f887820750a,2015,php,,CWE-918,,
josh,rails,79d50ce3104d2ff4a3964b12139120b85dce35e7,69fc0e1b5e6a3227576d67587c386142ef65854e,2014,rb,,CWE-352,,
vanilla,vanilla,7acbe344c0c98ad56b0ed770649c0a69f9e98b83,77007459d76d86cb11837e1452081e6b447bcf9c,2013,php,,CWE-79,,
grails,grails-core,7c459eb23c8552fd9cbb975f1b77b998adcb4eb3,c16c4cdbb881a388237b709061e323a90ec75f34,2013,java,,,,
php,php-src,7c7b387cc323bc372fe15f62fb1efdfb705e02a3,efe519c1945a3ed0ae93c8466e02fec2a6997b09,2008,c,,CWE-119,,
mantisbt,mantisbt,7c8a564c5b0d29cf2345adb0593477069466b10b,fe9da540f09fe4d3473a302446c4a1ea11ebf103,2011,php,CVE-2011-2938,CWE-79,4.3,MEDIUM
nextcloud,server,7cb0df28e2d99237c92922d9bf2fd203f0f1d8c0,d61c8d74bbba9901c453a5f9be9a4ffa6cce4291,2016,php,,,,
joomla,joomla-cms,7cbfe86124328ca8209f92b52f3bdcb418355f7c,8ccbf0ab98b35e2c8289f1240fff52f7a1ad3957,2007,php,,CWE-89,,
mantisbt,mantisbt,7cc4539fca65a61c48a40e31787e7d4751a7f9bd,75c87e679a3f7f9195c62d92cf02a64d80fc5288,2014,php,CVE-2014-9573,CWE-89,6,MEDIUM
mantisbt,mantisbt,7d3dd4305a7ec19b351e6e63e823cffa17d40d9a,8961a6670e5baba75445e8a23331ab82e1d7618c,2014,php,CVE-2014-8598,CWE-19,6.4,MEDIUM
mantisbt,mantisbt,7d76827617e97d7356e7eb4f2f66736e4c4d41b0,3be86ce37bb469b211663da03f61ac2b28500d91,2014,php,CVE-2014-1609,CWE-89,7.5,HIGH
mantisbt,mantisbt,7efe0175f0853e18ebfacedfd2374c4179028b3f,00b4c17088fa56594d85fe46b6c6057bb3421102,2014,php,CVE-2014-1609,CWE-89,7.5,HIGH
josh,rails,7df68a300c9395e3edf8c603b6fea3db9eaff003,f838caf350c3405ebdf10a6c6171adfa0a840905,2014,rb,CVE-2014-3483,CWE-89,7.5,HIGH
osTicket,osTicket,7e7c4cf0a7daff517f37432fc9de4df34981ce16,aadec3435fe49bafdc3f86e09ab32c1ae5263f67,2014,php,,CWE-89,,
dlitz,pycrypto,80252248ab1ac8599b946e026dd8895146977903,abd276c5fa31abf0b1d70ca4624e30cdacaee867,2011,c,,CWE-208,,
php,php-src,80367584910885baa1a2a4476a4a31efdcf0c9c0,f7d7befae8bcc2db0093f8adaa9f72eeb7ad891e,2015,c,CVE-2015-4642,CWE-78,10,HIGH
mantisbt,mantisbt,806582eb4ded03716c333b05d8cc6b4448f2fc5c,eb562360554d5e5c8ed2c1fff8363d13b1b2be32,2010,php,,CWE-79,,
openssl,openssl,80bd7b41b30af6ee96f519e629463583318de3b0,fb0bc2b273bcc2d5401dd883fe869af4fc74bb21,2014,c,CVE-2014-5139,NVD-CWE-Other,4.3,MEDIUM
darold,squidclamav,80f74451f628264d1d9a1f1c0bbcebc932ba5e00,5806d10a31183a0b0d18eccc3a3e04e536e2315b,2012,c,CVE-2012-3501,CWE-119,5,MEDIUM
cakephp,cakephp,813a3af19c8918b00ca1067a2c78886fa3bcd9bb,215333e56f32f06fd107966cf508ea5df4672ec0,2010,php,,,,
WordPress,WordPress,814865ea9e7db4d5e18fcadc1fa3f43a673f8559,f62bf61b2c59bf5484888f22d0b7dff0f0df050a,2015,php,,,,
joomla,joomla-cms,8173c65e792b8fba65f88032d10da7a2f7cd5bd4,fca1c962be8966ae3b21132d8e11a74ae8631baa,2005,php,,,,
cakephp,cakephp,819cd1d667090c5b0cee9fc525dd312fe647c978,d60191a1f6e396e94f63db43c41353a19d5dfda5,2008,php,,,,
curl,curl,81f151c912105ded480c3c88a1be53ca345298a1,b80490641414983404eda65095224535a41a12ec,2010,c,CVE-2010-3842,CWE-22,5.8,MEDIUM
nextcloud,server,8313a3fcb3b24bf9e36f48581f64336623ae1ead,1f96fb3352ad43155586d6deae95bf889768ba05,2015,php,,,,
owncloud,core,8313a3fcb3b24bf9e36f48581f64336623ae1ead,1f96fb3352ad43155586d6deae95bf889768ba05,2015,php,,,,
jspahrsummers,libextobjc,83950e5aaf16f6bbb4b7137e592088a0abd1cfff,74c5013532866bc80249f25214e6eb3378075955,2011,m,,CWE-401,,
mojombo,god,83968f49057fe79dbd365734bfa2ab3df1778c8a,c173cedd248239b82f5e432b355a58e859d04b21,2009,rb,,CWE-401,,
freedomofpress,securedrop,8513cba313aa9613bd0128e4d494aca32e1a2b88,e6a502d468aa21922609e3c6acc5ad1b014a8d91,2014,py,,,,
php,php-src,85e985f191c228cb6b119ebe223d682c9166fdc2,8de8636a2b6dc331486284f1f037259bb7347768,2016,c,,CWE-664,,
ensc,irssi-proxy,85bbc05b21678e80423815d2ef1dfe26208491ab,d5688da48306918cdfd79ee9b27abe377204befb,2010,c,CVE-2010-1155,CWE-20,6.8,MEDIUM
google,google-authenticator,86af4c32a2940b13397cac52eee435e6acedb8a5,a096a628455a05c5ff3b651e6aeb1dad9a646742,2014,c,,,,
joomla,joomla-cms,874b6955faeb6a136a63b20f749ceb1c103a3933,9169d5f0e1b4ddf887c1e30547b91c64cdcf05a9,2013,php,,,,
MPOS,php-mpos,8756036646952355091faec922b40e54b6657996,e5c97201741671a45bae2334eec49739c7495f59,2014,php,,CWE-352,,
facebook,buck,88f01ba38d2e706cd0b98ae984e9d3eba6888055,ae114af005c26a226a5fa40970eba14d42d17e87,2015,java,,CWE-402,,
freebsd,freebsd,899dc2f69f641e9dece346d05f218862dfb4795d,910598cf7dbded8d863c47d3126740ca306640c7,2016,c,,CWE-404,,
josh,rails,8a39f411dc3c806422785b1f4d5c7c9d58e4bf85,b0555bb88b090ca981fcc7661b6f9ea333e7f42e,2011,rb,,CWE-89,,
nextcloud,server,8a7d450fb5c80477e4414cfdf86b4737905cb8f3,5c718b13b8c68fc89661edbdbd40822bb55f544a,2016,php,,CWE-352,,
josh,rails,8be6913990c30f63618173da722148892348dcc9,5dc2e3531babcbdc165884d1a47cbcd13455522d,2013,rb,CVE-2013-1855,CWE-79,4.3,MEDIUM
FFmpeg,FFmpeg,8bb11c3ca77b52e05a9ed1496a65f8a76e6e2d8f,c443689afbb3edf3b025d4b7834c707d63eaa6b4,2013,c,CVE-2013-7016,CWE-119,6.8,MEDIUM
php,php-src,8d816ed0efe644fb19845424071253036e9b0f09,e68e2893c07e712ad6469ffda0658cc1d04f66e7,2011,c,,CWE-134,,
krb5,krb5,8ee70ec63931d1e38567905387ab9b1d45734d81,2fef06bf57bf317c72d6c91d332935b6fc2e98e5,2013,c,CVE-2013-1416,CWE-119,4,MEDIUM
MISP,MISP,8e75f0826f6ebad2cb69eaceb437a6b3a0ef359a,6d1dc6df95c25d256115b852fa68f5d7594b3b7a,2013,php,,,,
mattpass,ICEcoder,8f1cca087bef95c873e9cf2fd7c4798c185f4c51,d826469c495a2e74d36760f627915a9455091f82,2015,php,,CWE-384,,
Graylog2,graylog2-server,8fc8dc4e2f3a6b499a1c18051628268a606d7f07,4dd9c321314c10c5427888a145b242da8ac0c08d,2015,js,,CWE-79,,
splitbrain,dokuwiki,8fcc3410e3603bb823483a739753a3c4a12e6d7c,041d1964bde2693df05726690877835ddae4e83e,2006,php,,CWE-78,,
vanilla,vanilla,9049a17454628c07221675128c4a662a58819272,025156c900c7d72ab9811568accc7a49dba2ecc8,2014,php,,CWE-352,,
tornadoweb,tornado,90b8078739c8166d26de723178fb2151043e8218,2338348edda61c663fff8a7f6f77cf489bf63de6,2011,py,,CWE-352,,
bacula-web,bacula-web,90d4c44a0dd0d65c6fb3ab2417b83d700c8413ae,2349d14c91d5391d5e6d0618c94dc51c54fe3ff6,2017,php,CVE-2017-15367,CWE-89,7.5,HIGH
forkcms,forkcms,92cbaaf136242a4cdf613a980ff12e35f25d8781,873d13845ac7a93ac7b5f7e0fa346bc68669470a,2015,config_files,,CWE-928,,
cakephp,cakephp,92e3e09fdc218ebf8eb50e896dcb1728d02eadfc,c4031bfd0a45420ef17a4a3eec45971c28e8e31f,2015,php,,CWE-22,,
cloudius-systems,osv,92ff9880e07c7669c56912dc2d16378b7bcb6476,8ffe45bf0e00b4b95140ea9aa6035d71f90a86ee,2013,cc,,,,
josh,rails,9340f89849606dba02f44038171f3837f883fd4e,344ea048659f2ba47012f0330183ea4a96752732,2012,rb,CVE-2012-2661,CWE-89,5,MEDIUM
edx,edx-platform,935d5dee34563def3ce870ce849e1b2dc2c9f833,3a772752de1d3dfc3ff3c9f0aa65cebfb3b63d7b,2014,py,,,,
splitbrain,dokuwiki,93c020ac9b91843bbf74ce62f6f4712e31435fe1,0f3058750a5c51ab212bb73db103969bf6f03953,2006,php,,CWE-79,,
dlitz,pycrypto,947b554d85012cf35185ded38ef3484de010d2cf,0782d68840d0ebf850516e606e398b8a5396eb64,2014,py,,CWE-208,,
laravel,framework,953d0a8ba9827aee870f00afb3ca38721dea239c,b9f072942bc2f98da3018fa3c3bceeb87288b442,2016,php,,,,
forkcms,forkcms,95446d29a7cb1240d804fd8c2ad6184fc4c9649d,44eef2274c69ee9b4d6c72d98f47f52e58011c65,2011,php,,CWE-79,,
torvalds,linux,9581d442b9058d3699b4be568b6e5eae38a41493,2b666ca4a68cbc22483b0f2e1ba3c0e59b01ae9e,2010,c,CVE-2010-3698,CWE-399,4.6,MEDIUM
Graylog2,graylog2-server,9590a4cbb53871812cd510b83206707d54126cc6,8fbe12c5b518ca4d2f11de659d5906dbe5bd770e,2011,js,,CWE-352,,
WordPress,WordPress,95df22248db483fbf80acbb9333a2c2dd4658fbb,8772cbfa138d9e46d0fcb97aa0a2a0b15e8eb6d1,2007,php,,CWE-79,,Critical
php,php-src,9603f16f995154a858d7e0b31eff3a9b79f88ff7,f39a8517e002d33ace29ec0ba15acb30c9fecbb3,2015,c,CVE-2014-3538,CWE-399,5,MEDIUM
vanilla,vanilla,964a3fcf6efa645188d1fb0bc3f5a3198a8bdbae,53c917efc533422be7752b2b5db81193f4401359,2011,js,,CWE-79,,
laravel,framework,9664db9351090271b20d2162c106c566be17cdba,0964852338dbd918025838f7afa0591eff615331,2013,php,,CWE-384,,
php,php-src,96aa2eb2340c1d4131fbcc508f734ec7c807ff25,5d90aa1299da1ac81faf065c4aa0dc4196276cc1,2011,c,CVE-2011-3389,CWE-20,4.3,MEDIUM
cakephp,cakephp,974ac44fb43a7ecba9f14d16a0c7e39530f14e88,613aa19d945a508c2aaae6470fe90c87806445e5,2013,php,,,,
mantisbt,mantisbt,974e6da4a2f07c408b1683acae774f438b5a2f11,184a0f4a06e9941cc126cfacf0774badf2255a88,2010,php,CVE-2010-4349,CWE-200,5,MEDIUM
mantisbt,mantisbt,974e6da4a2f07c408b1683acae774f438b5a2f11,184a0f4a06e9941cc126cfacf0774badf2255a88,2010,php,CVE-2010-4350,CWE-22,5.1,MEDIUM
mantisbt,mantisbt,974e6da4a2f07c408b1683acae774f438b5a2f11,184a0f4a06e9941cc126cfacf0774badf2255a88,2010,php,CVE-2010-4348,CWE-79,4.3,MEDIUM
torvalds,linux,983d9e065b37dac5aaa2d5a819bdd5b5a0b78c8c,04b03594c73c1877a98c7a657cc45bf5e9d89f7c,2016,c,,CWE-404,,
splitbrain,dokuwiki,98ca30d292f2cc203a5251719e06d1a9f2bdf4b4,89b96b7aa04a458fb2f69fd61be8cc7ddf033538,2016,php,,,,
mantisbt,mantisbt,98f63cf5d7f136cedf6791606d4dfe7d1989f113,141cbe6e866797b102313ef0aa8f46896871ab9d,2009,php,,CWE-79,,
openssl,openssl,992bdde62d2eea57bb85935a0c1a0ef0ca59b3da,bbcf3a9b300bc8109bb306a53f6f3445ba02e8e9,2011,c,,CWE-208,,
forkcms,forkcms,995220182068518e89019a265d113518f6566407,4462ca5cb984294d3212e11a2aa8ae8adca094d3,2012,php,,CWE-79,,
owncloud,core,99cd922b82ca7684967ec3533fcdd5af32c0edc7,c88cf5cae558c598714ca88f5e8fe917c0411d31,2012,php,,CWE-208,,
josh,rails,99e9faeda8f039d34e9eeab319e8adc13cb9bc86,d70d5219554b55b24586d559bd39d829317d523d,2006,rb,,CWE-89,,
josh,rails,9a385394acd6599ff588daad491e9e07ee716091,05d4653cef1c1d8d77228de26d55cf6d6a0ce20b,2011,rb,,CWE-401,,
torvalds,linux,9ab6e6e7db3027728067a827b2366b2aca4f519d,0378c9a855bfa395f595fbfb049707093e270f69,2014,c,,CWE-401,,
phpmyadmin,phpmyadmin,9b2479b7216dd91a6cc2f231c0fd6b85d457f6e2,e9e3998949adbacf82b90e9d2061bf56e609a373,2014,php,,CWE-79,,
php,php-src,9c805a6cb31596c41609512bdd8a9a76c9ce9b15,0e51f9798c6cea1b155cb18342a43c54be55a1fd,2015,c,,CWE-22,,
openssl,openssl,9cb177301fdab492e4cfef376b28339afe3ef663,069c3c0908dfa8418753d0c25890a9d4fb67178d,2016,c,CVE-2016-0799,CWE-119,10,HIGH
realm,realm-cocoa,9d3890e96f0ebbd358f5f2d5ee619dea7f8e7310,210dcc41d0487e5bb86a159d23e048e802a1997c,2015,m,,,,
vanilla,vanilla,9d3d1eb813b3f43703222e09b82df7d5376fc7e5,d91b512fe6337e1cee23f3ce2e2c732235c4d4d1,2015,php,,CWE-918,,
rubinius,rubinius,9d562557cb279370c85752b7811be1d5dd012647,cbc12aae34e9d2e1dc6dd5888450f871962b2683,2013,cpp,,CWE-401,,
joomla,joomla-cms,9d8d07c9348a76b5c1ca579f54a0f2096df86793,c1687f3af93e9a8ec81bc63db6f49ac0dc789483,2007,php,,CWE-89,,
MISP,MISP,9eb5b7ffb7a5fc8f8fe8c0fe40f070dd92d05b6f,6e842da5bca360649658817a2dd22c4fc09f91b7,2014,ctp,,CWE-79,,
jspahrsummers,libextobjc,9ebea0bd45cb57c2f282b3773237622f9eb43ede,01a5c0372e4a14885916135997c846bf26b33348,2010,h,,CWE-401,,
josh,rails,9f69ff12d44c4d1e475fd6efede120ccedba3b3e,d45e2c733d471b0c87f7cf721376ca4802450121,2008,rb,,CWE-401,,
cakephp,cakephp,a08c09ab17e5b3e76eeee753917662a3e3691830,33a38118b69ef9289d95183ca24b968f33c33707,2010,php,,CWE-79,,
FFmpeg,FFmpeg,a0bafaabb0656ca3bb3591beba0de79f6153fdac,7f2228dbfec0268b8b486573041043c0de1aa381,2011,c,,CWE-134,,
micahflee,onionshare,a12dd0c4a978bf97b307c2eafe4b7d02f538b53c,7ef02955a09fe6e6a8bb6373a8222a6c6090f455,2014,py,,CWE-208,,
nicolaslopezj,searchable,a1956ee23edc8a041667909b7cf8923696d1c3d1,0f3cd1eeb405a6fe8f5cb376c34ffc3cded999e1,2014,php,,CWE-89,,
mantisbt,mantisbt,a1c719313d61b07bbe8700005807b8195fdc32f1,27b5b292c9814a40fdd5715fa499a82e29f6f866,2017,php,CVE-2017-7897,CWE-79,4.3,MEDIUM
WordPress,WordPress,a2693fd8602e3263b5925b9d799ddd577202167d,6f2db8ea69125c654072513821e272a20d0388f1,2017,php,CVE-2017-16510,CWE-89,7.5,HIGH
mantisbt,mantisbt,a2ae23486eecc690325c8f3b0e76e3118286cf58,8f95c9e3fb3451bf6415206a9db17645e8f97752,2009,php,,CWE-79,,
mantisbt,mantisbt,a2d90ecabf3bcf3aa22ed9dbbecfd3d37902956f,23da4e0c814e6ed5ee1fc51be6d2b5f15866b7ca,2017,php,CVE-2017-6797,CWE-79,4.3,MEDIUM
cocos2d,cocos2d-objc,a3002d3d416524c53da6534a819a41db8c952e9d,b98703fb827297dadcfdb423ca181b92217bd504,2009,h,,CWE-401,,
phpmyadmin,phpmyadmin,a4e8d008f407d92c7177bca799c54525ba9032ad,1daa32fb97b90fd1bf233cae9ed249e37fa175c4,2014,php,,,,
dlitz,pycrypto,a515b7a4a417e82c7822edb2afe63dd896f3db1e,447a6194285701b36a320fe5ba548859e88d4d05,2008,py,CVE-2008-0166,CWE-310,7.8,HIGH
php,php-src,a552ac5bd589035b66c899b74511b29a3d1a4718,6a9d9cf2724df4b00c63c206689b0bd60d334388,2016,c,CVE-2015-5522,CWE-119,6.8,MEDIUM
BradLarson,GPUImage,a660bfd0d760e431b780badd4cb0837fe42dbb8c,6d00ebb32f6dd4ede5c65f76ad3157fd3e57c408,2013,m,,CWE-401,,
postgres,postgres,a7a012d1677cc81e32c2dfda1aa9ec083fe6a295,47f14e7ddf4a1e139ca1a05e673be4f1d3c1dc06,2003,java,,CWE-89,,
joomla,joomla-cms,a7adeac42a4018587f7550d61ac2580196fb3ca0,9008d1036284da197942e09d921a485dda14230c,2007,php,,CWE-644,,
Graylog2,graylog2-server,a81c7dad4a90d047749a1d1e3e27a87716cad2e2,72cb5c1e17ee8b5e29ca314b308fdadfa7d59bae,2014,java,,,,
WordPress,WordPress,a858edf40516bc1f66196ac5507b4116985e8342,137705d20ba6f1d878e5f4378905e51c34631316,2009,php,,CWE-79,,Normal
owncloud,core,a862fec9a329c449b808e8d888764cbc9cc0bc19,5e711f37ca3f009317a3c8cd0e47ed4f15922142,2011,php,,,,
gitbucket,gitbucket,a889ed7c46b2cc420aa104fac81ed603bba9b14d,8643bfeb374be233ed4b734bf082fe2db9499155,2015,scala,,,,
Codiad,Codiad,a88b18027568d9c6539ab91932da84a45cd44e6b,601e89d77bcef6796301c1b7a6b75a30e7c393e5,2013,php,,,,
openssl,openssl,a91be10833e61bcdc9002de28489405101c52650,a7c682fb6f692c9a3868777a7ff305784714c131,2014,c,CVE-2014-0224,CWE-310,5.8,MEDIUM
curl,curl,a9beeeeeeac018157412e4510342554a48df54f4,a8ec986981d6a218ce3abac27b9e0b0e76286863,2014,c,,CWE-401,,
curl,curl,a9cd4f4ed49e1a0b79f8fc6a0cb129331fa04f23,1d28efb9d1759bcbc81d28e462c2e3a5d60a17e4,2011,c,,CWE-401,,
forkcms,forkcms,a9d22fb220777aa4890b2901f39e1c56b39b43ec,bc555f7f1857ebaa70b20405d54cc551e7942c11,2017,php,,CWE-79,,
pfsense,pfsense,ab17ed4e70cc8cd8337846525a3694d81fffff32,da60727cead91cc475c6fa2ddb2309ab79962467,2013,inc,,CWE-20,,
cakephp,cakephp,abf1c69babdc6bb071bf4f6a26f60f091fa63283,7bdc47f797e8ce5b6251e1604d3229f5f9dc208f,2015,php,,CWE-22,,
mantisbt,mantisbt,ac3fe2f105edd4b5c6b466d34b8694efac026131,cd0523feeb22d6e433a244c61876e5c860559bad,2006,php,,CWE-79,,
forkcms,forkcms,acd6e0d9a3f8cb67da3cf5b8cc82c5f7afec1cfd,eb3aa4bce9bd1c81af70691a707f77fe2fcf7530,2017,config_files,CVE-2016-10074,CWE-77,7.5,HIGH
postgres,postgres,acf09c64b0264715a4e29d3e04b5ca274350765a,f0f137599ae5af43f15363f921744bd3c2361966,2003,java,,CWE-89,,
curl,curl,acfa131c8cc94930064c23561892a83295aaffd3,793d0e27e1e752c961dd886dcd106c67f8bc8513,2003,c,,CWE-401,,
Graylog2,graylog2-server,acfb10054b70a57664a632b84230d81ef22a80a3,1ef662d8ebf9158ca929d2c7bb389725ba818a5e,2013,config_files,,CWE-928,,
josh,rails,ae19e4141f27f80013c11e8b1da68e5c52c779ea,0b58a7ff420d7ef4b643c521a62be7259dd2f5cb,2011,rb,CVE-2011-0447,CWE-352,6.8,MEDIUM
curl,curl,ae4558dbb479f09ea01164b1a0d4ac54ec88b29c,ee7669ba3adeec052d999d9b415bb34caaa1e94b,2013,c,,CWE-401,,
phpmyadmin,phpmyadmin,ae67d35cdc00eee733c278c91ab547db5d47a217,a564d981e9ef5022d69b2720d6a6126c73c74637,2013,php,,CWE-22,,
slimphp,Slim,ae7c4815929af0baa0abdc6f81e0dc73f1ff785e,09545b50a6c1bfb10d1ab7bac60592b8a78a3e2f,2013,php,,CWE-94,,
MISP,MISP,afdcc1af0c39c00d60e65c043c8216fb05b243fd,a380458d2e9072c1f5affa52ad259b38108e3ca6,2015,php,,CWE-352,,
mongodb,mongo-php-driver-legacy,affdd497be96f842d55d282e1b7a17ea9458113f,52439c74d9a884593a62a8dc1d0638d83d53c42d,2011,c,,CWE-401,,
curl,curl,affed6725ee58aa4dadb227d8033cc3a1dffa7e1,7f304ab84f560c9ddcd3ed1887bb4aa99a90bd6a,2011,c,,CWE-401,,
mantisbt,mantisbt,b0021673ab23249244119bde3c7fcecd4daa4e7f,5d1a57f8c0e15dc3e771d382f5189578e908da9a,2014,php,CVE-2014-9089,CWE-89,7.5,HIGH
moodle,moodle,b0a583932a735bc6a205d0c203a94b6fdd94995c,5fceb11e6c9025b374949b8b75c0cbd142bdbab8,2015,js,MDL-50784,CWE-352,,
openssl,openssl,b128abc3437600c3143cb2145185ab87ba3156a2,3444c36ab489b7084832254723a356e3c2eb023a,2016,c,CVE-2016-0701,CWE-200,2.6,LOW
lxml,lxml,b14f67842b88f2fcecb24166f1ffb7de156066b1,0af4cf494d4ee955366f9d4b059ad1f78ef60185,2010,py,,CWE-402,,
php,php-src,b15f0ecc0f34364fd7ce924b4164be4e8198ff93,8a4d164c2b33e7a89af13762dbc09941df14a035,2016,c,CVE-2016-3074,CWE-189,7.5,HIGH
josh,rails,b16e0c922344da256ab977fd5e7a7f69e0be90fc,9a73630d935e360f3dc896e50dd673afb97cf3b5,2009,rb,CVE-2009-3009,CWE-79,4.3,MEDIUM
josh,rails,b29e89368841869c92d706addddd09f436a3ea2f,c6372d604952a8eef16ce73a06814aa143b94779,2010,rb,,CWE-401,,
grails,grails-core,b2e1ca445f26a2a6a58a284b4089ffd1e65ddaf6,a5988e10e2f5229719b34b3c48cf395a066a3105,2013,groovy,GRAILS-7170,CWE-79,,Alta
josh,rails,b31a7a6f1ec3c74f75b4cd12386b08295287418d,2e3c3a87d81e16a2fed442c1cf31360f75737a83,2013,rb,CVE-2013-6415,CWE-79,4.3,MEDIUM
taglib,taglib,b3646a07348ffa276ea41a9dae03ddc63ea6c532,8ed9b0da2cdb2ac870052d4734b622e755430f71,2012,cpp,CVE-2012-1108,CWE-20,4.3,MEDIUM
openstack,nova,b5f8ab0e913c121a80ff0efe358960099e7c87f8,1cc5e933ccc29a88d09d2050e5224ee27eda767c,2011,py,,CWE-74,,
neo4j,neo4j,b60a4547effa4c77f183bb10cc7c68dee8464f1b,a077134d2ee35b5340b5728603135148d6eb901b,2013,java,,CWE-402,,
ci-bonfire,Bonfire,b60ea88257c58d23c97ac95a4291dbd22d4c54f9,21b3af7c32f7c8a634dfbaf5fa55ccfa25779018,2012,php,CVE-2012-1915,CWE-79,4.3,MEDIUM
mantisbt,mantisbt,b649c9c91b856ef062f71ac6df16f0426238c182,e8ff7b99d6830bdc78aa13959fa6355ca298c0f8,2015,php,CVE-2014-8987,CWE-79,3.5,LOW
pfsense,pfsense,b71f0cbb059eacb260f71ce671bd7b4dbae39c5e,64307806ab5b53a60a4343862f806be90e2eea79,2012,php,,CWE-352,,
vanilla,vanilla,b79151d1a1a713ff39355ed0dd10319bc615116a,0630c700cf502973196687938c71747a58d3de95,2011,php,,CWE-79,,
torvalds,linux,b79a79471bd31d737c939a6ddc347417047b4320,082ba88a5e6b1425abed3fae4ad65e0e985ed081,2009,c,,CWE-407,,
openssl,openssl,b79aa05e3babdbab92c6356f6e51f7bb43c41576,500b5a181df0e8e442e4cbf954213ff886b29df3,2006,c,CVE-2006-4339,CWE-310,4.3,MEDIUM
WordPress,WordPress,b7ede43c4f69b29cccfae79abda19d3c575034c9,ad646bc1838454b0859f196c13a41d8815b9a15e,2014,php,,,,
Pylons,pyramid,b809c72a6fc6d286373dea1fcfe6f674efea24a5,4517ec56047d5f33e0b190b69be2be1029612c05,2015,py,,CWE-208,,
owncloud,core,b86f2069ff1f434373c0babe0c28db5ee431498e,2f3c0a6d804609aa908b8e938943e3ab8679b0a9,2012,php,,CWE-384,,
openssl,openssl,b8d243956296458d1782af0d6e7ecfe6deae038a,c31dbed70c0be1578276367a1ba420ac935d0c68,2016,c,CVE-2016-6305,CWE-20,5,MEDIUM
libretro,RetroArch,b91527749e93aa70d51a727219e44e79fa8cc4dc,6a845dec645914a00441c66d6baf09d66cf22500,2013,c,,,,
josh,rails,b93c590297ba65a6c5b18655a7790163abcb06f1,3ddd7f7ec9b156e4b7de4c23d448c2db98f30504,2010,rb,CVE-2011-0449,CWE-264,7.5,HIGH
google,google-authenticator,b9ce63a46a34391cdef2ffdb24e52c35b397126e,beb43d7baf22c0f9c0d0f87c1ce5473c41943d06,2015,c,,CWE-119,,
nextcloud,server,ba4f12baa02dfb55ec8822687896d643261440c4,7cdf6402ff9a0e07866ca8bcfcffd0e0897b646a,2016,php,,,,
josh,rails,ba80ff74a9627f676b4c426587ce5ea487665e46,de0ed534f6055c365d05c685582edeceef1eafa6,2008,rb,,,,
phpmyadmin,phpmyadmin,bbccc368173294f8d713a0f4dbfca28560811b33,2d56821c0f1337ae3fec7e845a396e2b0448fdeb,2011,php,,CWE-79,,
php,php-src,bcd64a9bdd8afcf7f91a12e700d12d12eedc136b,ff10dceff87f4c94c55e6bc2e962f4bb3d66feb4,2016,c,,CWE-416,,
MPOS,php-mpos,bd2999526edd763546e8bced5378e8b46a50ee54,7e3197246a0f15382e83a839c158e51ea4bc43a3,2014,php,,,,
vanilla,vanilla,bd302be7d2103139a2b8db8fa5ee76a236c66fc8,5393e0d28e2c0fea05585e103b660226680141fb,2013,php,,CWE-79,,
josh,rails,bdcd5f94b2efdf661f201917d63476c245aa7c09,e167a54785e319c526b638d591eaca0c4da93a54,2014,rb,CVE-2014-0130,CWE-22,4.3,MEDIUM
PHP-DI,PHP-DI,be416a1a595ab435c08211646aae76ef3635631a,b25b80079f09f0ae8d4f44d2502ac85008976b34,2014,php,,CWE-74,,
unbit,uwsgi,be6f61aa1bc30ab6c1af63915d24cc3dc91e915e,eb6c35aa95c231b788ce61b39766501519bd7657,2013,c,,CWE-402,,
josh,rails,bea9c9b4c0f9bb7356ea2058118fe40495432010,b31a7a6f1ec3c74f75b4cd12386b08295287418d,2013,rb,CVE-2013-6416,CWE-79,4.3,MEDIUM
pfsense,pfsense,bef1056048aa2e0839fd5839e83da154f06c8c2c,daeab6c45370e05491ae60f854fb3b9967c6f94d,2014,php,,CWE-79,,
josh,rails,bfc432574d0b141fd7fe759edfe9b6771dd306bd,586a944ddd4d03e66dea1093306147594748037a,2011,rb,,CWE-79,,
toretore,barby,bff5b21bc2a08300569d6b81f09c41e39297455e,cd497a93b52f97ffe2aa8f196b8926affbdc7291,2009,rb,,CWE-401,,
josh,rails,c014c3e5c14beb71fa7c67f15448386d0ffaba28,b6fde6b4801fae26cdd0e790f6bfd06e7afe9941,2009,rb,CVE-2009-1904,CWE-189,5,MEDIUM
mantisbt,mantisbt,c154fafcabdc1226ec19985c9bb42331eadcd7ac,880db8239af02a76994eb923e12d59f247ea0591,2009,php,CVE-2017-6799,CWE-79,4.3,MEDIUM
cakephp,cakephp,c1680b2dede92d2c1baf9d9a6493c7af4dbb7bbc,318d7c1c1ff0e8dac79084a8ffc99d58ad0f778a,2016,php,,,,
grails,grails-core,c1d13410a0a8d88841b6afcae7a7bfa0ebf5bad7,d10659d4aec4ca3a6760f04b3b22a9d0ff656e3d,2012,groovy,,CWE-79,,
openssl,openssl,c1ef7c971d0bbf117c3c80f65b5875e2e7b024b1,41bff723c6784cc846054a4fd4add6dbec8c2c64,2016,c,CVE-2016-6307,CWE-400,4.3,MEDIUM
AFNetworking,AFNetworking,c23c37ab4ab9b2401e824df717538e37bc5c85a4,92006270b12ed6778095afc9d8bae9b54210df18,2015,m,,CWE-401,,
mantisbt,mantisbt,c272c3f65da9677e505ff692b1f1e476b3afa56e,f8b2510febf47700b3e29b4d0c746e2d16c29487,2017,php,CVE-2017-6797,CWE-79,4.3,MEDIUM
joomla,joomla-cms,c277c23c617d5a9eddd2a45b7a438460d5fc6f15,1011d21ea64aad20ca49d266b860f1afb5ffb18c,2007,php,,CWE-89,,
curl,curl,c2a809cd265c37e7bbef55e64d70114d2f0d7189,ae7d6b715448101caf99ea3555c7b7448711676e,2016,c,,CWE-401,,
openssl,openssl,c46ecc3a55bcbbe4ff31da3864d015e343b0189f,7388b43cae035484036f5dc46c231ce6282a1367,2012,c,CVE-2012-2333,CWE-189,6.8,MEDIUM
s9y,Serendipity,c62d667287f2d76c81e03a740a581eb3c51249b6,6285933470bab2923e4573b5d54ba9a32629b0cd,2017,php,CVE-2017-5609,CWE-89,6.5,MEDIUM
curl,curl,c62d7944cf75f402d45523e3e415e44e83f5d733,716302c2cd59f96ecd96f949db92576d204cabae,2016,c,,CWE-401,,
phpmyadmin,phpmyadmin,c79375598d46552fc1717f798a6560f9a1cdc102,a5716cb3892f1714a97d8808cde9229ccc8752c8,2011,php,,CWE-79,,
cakephp,cakephp,c95def9d664dc5e25d4fa9ee7d182858956326a1,2109e03c30c42988e4623317d7d756040dd48bc6,2010,php,,CWE-352,,
phpmyadmin,phpmyadmin,c9d93f63940fe960d3b6341d8bfb7b707c87e744,9ae2b21e220cde1cb9605dc1d3827bcee4cd4ba4,2007,php,,,,
curl,curl,cb64c987a062a9c16ab997415a1440182edb069a,67d16160184493c6717e4e572fafed7467af4983,2010,c,,CWE-401,,
openssl,openssl,cc22cd546bd0b0e1b55c1835403ab564d5f30581,7b3a4d610731929d4fde15411f9be9b883974980,2017,c,CVE-2017-3733,CWE-20,5,MEDIUM
osTicket,osTicket,cda62e2d24ad7e4b165c88df8fcc85e1ef695ac2,ecb9178f24f5dd1ddbba06776d0f583a42ba2998,2012,php,,CWE-352,,
jokkedk,webgrind,ce66c4408c2fe0db526b4cd915c765a009f3084f,077f79f13ddc8efa4cb10c2c041eb4b50037e0e3,2016,php,,CWE-78,,
krb5,krb5,cf1a0c411b2668c57c41e9c4efd15ba17b6b322c,0a97afba6986e2818cd26869704820e00efcae63,2002,c,CVE-2002-2443,CWE-20,5,MEDIUM
php,php-src,cf4753691dc55999373d1c576f62ecb298723420,ae74549239f80ef40e978942b71c08a7e8a09a23,2014,c,CVE-2014-2497,CWE-399,4.3,MEDIUM
nextcloud,server,cfd0140e2faa250e6e90cbeb4ec2ca4dcceed2f4,3c182bdb351cd0f7938c9f9f022b44b4e530664d,2012,php,,CWE-79,,
owncloud,core,cfd0140e2faa250e6e90cbeb4ec2ca4dcceed2f4,3c182bdb351cd0f7938c9f9f022b44b4e530664d,2012,php,,CWE-79,,
owncloud,core,cfe219fbb9f2f734b063041ae420400044f90000,344299a074e135140262d051531f723be69c786f,2012,js,,CWE-79,,
nextcloud,server,d01b78a4b486860ab7110677e9969a37ee2a832f,4e327295c65b25fc5d6ceec5a8242eecf57b94e2,2012,php,,CWE-79,,
owncloud,core,d01b78a4b486860ab7110677e9969a37ee2a832f,4e327295c65b25fc5d6ceec5a8242eecf57b94e2,2012,php,,CWE-79,,
dlitz,pycrypto,d044a478332682c253c379db87d444b056e4ab37,f9a0fc77e1c8847c1a17503e5a1b86a409b8cb2d,2013,py,CVE-2013-1445,CWE-310,4.3,MEDIUM
openssl,openssl,d0a4b7d1a2948fce38515b8d862f43e7ba0ebf74,1250f12613b61758675848f6600ebd914ccd7636,2014,c,CVE-2014-3507,CWE-399,5,MEDIUM
PrestaShop,PrestaShop,d10cef87f99c60f6213f336220efc49f3821bcbc,ab2af6ff20716afccb4e828c9c151b56d2d3f6eb,2011,tpl,,CWE-79,,
mozilla,kuma,d186dd1e20a5d0f1b7d295d410485bcfb7807ea4,e43ed532e9623eeea4a492c7477c76acf8a2f995,2016,py,,CWE-79,,
nextcloud,server,d18bd17eb7d13010e3daef5351d7f7ec64480fd7,d134ba9a82a904ba317d4a6d9a75e46ab9249ddc,2013,js,,CWE-352,,
owncloud,core,d18bd17eb7d13010e3daef5351d7f7ec64480fd7,d134ba9a82a904ba317d4a6d9a75e46ab9249ddc,2013,js,,CWE-352,,
nextcloud,server,d19de49606d45046f9d7755b180e5850bceccd19,56c6e6a334caf690184c84bae290ea596f53c3de,2013,php,,CWE-79,,
owncloud,core,d19de49606d45046f9d7755b180e5850bceccd19,56c6e6a334caf690184c84bae290ea596f53c3de,2013,php,,CWE-79,,
splitbrain,dokuwiki,d1ed0b61f4795d01c2d9675949d2aad4568bc0c7,894a80cc56d188b10cc78bb4c088bea731f991a2,2006,php,,CWE-79,,
curl,curl,d20def20462e7eed5cb8a078c9e09599307346d3,d2b36e466afd69b6e2b202aca21db3bd2e48b190,2013,c,,CWE-401,,
php,php-src,d2274b01cbbadf5516b3ea87ad76fbae18834007,f1b2afc9d9e77edf41804f5dfc4e2069d8a12975,2016,c,CVE-2016-10168,CWE-190,6.8,MEDIUM
WordPress,WordPress,d3100d05cb6e4a3183117ccc901d6119cb0236cc,91d7e604f2591371481831434823e6d44d5f830d,2004,php,,,,
MISP,MISP,d319860268e1d31dee0b8d590cde746aca71ae78,8505396b2519031f6c413586ccb14ab81bf69a38,2012,php,,,,
phpmyadmin,phpmyadmin,d32da348c4de2379482a48661ce968a55eebe5c4,b99b6b6672ff2419f05b05740c80c7a23c1da994,2014,php,CVE-2014-8958,CWE-79,4.3,MEDIUM
phpmyadmin,phpmyadmin,d35cba980893aa6e6455fd6e6f14f3e3f1204c52,2ff7b4cc93eb88325b2ac2930b966208642c1111,2011,php,CVE-2011-3646,CWE-20,5,MEDIUM
openssl,openssl,d3cc5e610d1719a35cda52c9152134b490a8c944,34e3edbf3a10953cb407288101fd56a629af22f9,2015,c,CVE-2015-1787,CWE-20,2.6,LOW
phpmyadmin,phpmyadmin,d3fafdfba0807068196655e9b6d16c5d1d3ccf8a,ffa720d90a79c1f33cf4c5a33403d09a67b42a66,2013,php,,CWE-94,,
realm,realm-cocoa,d4184aa26cfa4e99b6e36502aee7f685e122facc,946e0a4a2e59a3bdf22c9a9220c1746b6bbdc022,2014,mm,,CWE-401,,
antlr,antlr4,d4f2abc5e3def63190c7ab124c5a70dba9e70661,9c186c8d5299e1dcbc8e0c486c3e07c4ab6af0a1,2013,java,,CWE-402,,
magicalpanda,MagicalRecord,d56b7ecd5fd9fe4fd1e2efbae616cda4562a7a01,0a735fc70682aea0338aca73d874b1a8cefc217a,2010,m,,CWE-401,,
cakephp,cakephp,d5bde3fe7a5a66044d4778ccffed0254e2fc87d8,aad72871a09b8b1bf750cde84d42e6a4f4fd7d2e,2010,php,,CWE-401,,
php,php-src,d650063a0457aec56364e4005a636dc6c401f9cd,fd9689745c44341b1bd6af4756f324be8abba2fb,2016,c,CVE-2016-4537,CWE-20,7.5,HIGH
rubinius,rubinius,d66250e74e26d0b46e0330034b4967ce6e18fe70,1262f24460463628c7cc4e275b7c814048937b57,2007,c,,CWE-401,,
naver,pinpoint,d68184cf5c29ffbe76b1fa2b1bce30ec18e85b87,a3911e078b58ed029c7944a5e65e1daa050fa2e0,2016,config_files,,CWE-928,,
cakephp,cakephp,d685c1872046262c9180de23a74516c231bad203,49c11a821945513a5f8e44f52561ace6ba76e3c7,2009,php,,CWE-22,,
vanilla,vanilla,d6b92bbcfa01f3aa2de75e348ce43db622b20a28,51ec43388faf10f8779346d323aff1bd08c42eb7,2013,php,,CWE-79,,
owncloud,core,d71c4db10aad0b1684087c745dcd10560351efb2,564b0358f91df832afdf3a0fd27eaa349508c964,2012,php,,CWE-79,,
php,php-src,d735957cb5f8fee8d13ae68cf75300306c84374f,272cccd1759a358eb9a66e3fb10bcad373acb06e,2015,c,,CWE-416,,
Codiad,Codiad,d76cf0f8627126b2f68f0d78e60d6edc58bac2ee,7b01d10681845cdf36e9b7641f91debe75c44eb2,2015,php,,CWE-78,,
josh,rails,d8cf713afabbd0c3cf8d6674b2d1a7f7c2a0e98c,c63d17c2be04882cc0c7aed5cf2b5ba2f1ef313d,2012,rb,CVE-2012-3465,CWE-79,4.3,MEDIUM
BradLarson,GPUImage,d8f8a98fd4c291add6e577857ccb5079934530a4,a65f6629db953ecb11dfbb8ea6927d156c3338f8,2012,m,,CWE-401,,
josh,rails,d99e8c9e1618f509bb35f052d4bd0d1848bce771,efbb041fb0146d5f633c2e645217f3a734539f11,2013,rb,CVE-2013-0155,CWE-264,6.4,MEDIUM
mantisbt,mantisbt,d9db796f8973696bb606dc03ce42857f6d160d78,e4902b6589ee0147844d1b2288da0ab271d34b71,2010,php,,CWE-1021,,
splitbrain,dokuwiki,d9e0d8dc6f6c9b9f18ce2e33041ae4fc23f77a4e,41c27d5a7c577979cacd974b3763904192487637,2010,php,,CWE-79,,
frappe,erpnext,da79740cdfe4dd73e5ef3840ba45ad2c8df2cb78,3667da1053aed4ac6f8464f3cd91d399ccbaa472,2015,py,,CWE-79,,
Codiad,Codiad,dad3f56b0c5ccf02370fd4d9885b3ac4ace7504a,7b01d10681845cdf36e9b7641f91debe75c44eb2,2015,php,,CWE-78,,
kanboard,kanboard,db88a00d48d1dce48b8700e460c06ff7fb344f0a,db69d5c429cf747e72c4ded26f3821e7f688bc13,2015,php,,,,
josh,rails,db8b636e50ee8a138f48117e8e8ad057cc7527a4,8be6913990c30f63618173da722148892348dcc9,2013,rb,CVE-2013-1856,CWE-20,5.8,MEDIUM
freebsd,freebsd,dbac0019b9eacd7690c1aa304b60f55017b56139,32af91cb3fd0a40a0234d78a4dcfbe0fc51910a2,2016,c,,CWE-404,,
openstack,nova,dc8de426066969a3f0624fdc2a7b29371a2d55bf,e064d6d9f4bf7453a373a082f9bacebc60e201c3,2014,py,,,,
zxing,zxing,dc8f256848b4863dc633cfab0929927ef06d549d,a86b0e7cf3fec99c1a446c4978e0cf607e225b50,2010,m,,CWE-401,,
php,php-src,dccda88f27a084bcbbb30198ace12b4e7ae961cc,f856734c6789314ce50b19d36d523911ef6c6a79,2016,c,CVE-2016-4539,CWE-119,7.5,HIGH
php,php-src,dcf67c4433bfe4177595be7c5ae68ae4c308e835,e64b5c704543df0e9d1925cf52622b1dd686410e,2002,c,,CWE-384,,
joomla,joomla-cms,de79fbb8d15c30e2433a4303c7e93d3687980ccd,dfc894ae15316599f170587818b82febab3856bc,2006,php,,CWE-74,,
twitter,finagle,def012a74fa0da4cc6eb8c5f51d34ce500858fd2,c80cccfc575494275cfb9d9fbb6a6800b1e7409d,2016,scala,,CWE-404,,
krb5,krb5,df17a1224a3406f57477bcd372c61e04c0e5a5bb,c546a30c7c9299a419f757768a3349bde09c9cd4,2015,c,CVE-2015-8629,CWE-200,2.1,LOW
cakephp,cakephp,df5c02aa8fe8220e432fe72a3bff1e09a2239f85,12aea2c0f74f7d74e9dd0d25433992fd14ae28ca,2007,php,,CWE-89,,
rs,SDWebImage,dfa03af19f38c74160fc9d5abbcf2d20d1de1f18,a8d5b3ec72a94fa9a9e632dbdbf8463e8bec923d,2012,m,,CWE-401,,
moodle,moodle,e101802eb5e6bfdf3e49738b13b6725348a93c99,59b292077867dfa0d942da8ab565f29e3fa89b03,2004,php,,CWE-22,,
josh,rails,e115ace02a88290d2fc707b4979f23728c300950,db8b636e50ee8a138f48117e8e8ad057cc7527a4,2013,rb,CVE-2013-1857,CWE-79,4.3,MEDIUM
realm,realm-cocoa,e20ecff78ffe34cbfb5d6fcfcf334deef82803d3,d24a6b33ee7048dca2e6cd94ac3ed4a2904644d7,2013,mm,,CWE-401,,
openssl,openssl,e408c09bbf7c3057bda4b8d20bec1b3a7771c15b,a449b47c7d8e20efc8cc524ed695a060b11ef889,2016,c,CVE-2016-6304,CWE-399,7.8,HIGH
php,php-src,e41f600365fe9f27727a62a850a4d55416ae856f,c22da81b71abe8c41a94fdea4e95a2bca8ec926d,2015,c,,CWE-416,,
cakephp,cakephp,e421b3bc8fe35747c42f9ab1e765acfcb13099d3,545f4d281141951565834c02745a4994c087e749,2011,php,,CWE-352,,
cakephp,cakephp,e431e86aa4301ced4273dc7919b59362cbb353cb,eb76ab95f23ba9daa2b97b365f63a783a7d302cc,2010,php,CVE-2010-4335,CWE-20,7.5,HIGH
FFmpeg,FFmpeg,e43a0a232dbf6d3c161823c2e07c52e76227a1bc,bc4e7985628134496104e32f37f811aab4f68c55,2013,c,CVE-2013-4263,CWE-119,7.5,HIGH
Graylog2,graylog2-server,e572b56aa6c45a4a3f1d26fbed9e11dcbe3b58cc,f1ab40d91f12dc9b1a50d633a21c5cd67c7aca36,2012,rb,,CWE-79,,
MPOS,php-mpos,e5c97201741671a45bae2334eec49739c7495f59,9ccb5e15bc2383c30e160b0fd3a71b84e6b14acb,2014,php,,CWE-352,,
edx,edx-platform,e5ca9618ea5ae9f2fc11ea5a8c9f479b1430d84c,79c1cf19a065b99d896b81b292b588762bedc6db,2012,py,,,,
openssl,openssl,e5cb2603652b868225adc1db3db531a07c13b562,6aecef815c3c989f6fa2a7b6edf2984e76306622,2001,c,,,,
curl,curl,e5d8693865b44ecfbafbe15a7850d6e8dbb051e9,46c92c0b806da041d7a5c6fb64dbcdc474d99b31,2007,c,,CWE-401,,
moodle,moodle,e5e02e46861f9c1b88782cb1ef8737253412be33,36ea9a6c98505cbe34c2af0be6c984be97cb0656,2008,php,MDL-15184,CWE-89,,
josh,rails,e63be2769c039e4e9ada523a8497ce3206cc8a9b,6daa46621b7145fcf948f48bed01d3cfe9221613,2014,rb,,CWE-401,,
moodle,moodle,e65ce4c1d028b8aba0dcda6b8dee9d0692a0a6fb,a7ca080c208fa10fb07158e2162f6afad64da655,2010,php,MDLSITE-1007 ,,,
openssl,openssl,e677e8d13595f7b3287f8feef7676feb301b0e8a,d3cc5e610d1719a35cda52c9152134b490a8c944,2015,c,CVE-2015-0286,CWE-17,5,MEDIUM
php,php-src,e69b1ff2c43fbfd672097e9f8b25dead81f34ccf,da400e7500e236a332b8104b373e60e842bbd63e,2010,c,CVE-2010-3870,CWE-20,6.8,MEDIUM
spring-projects,spring-security-oauth,e703d747af332746895a02f75045c68255395c5c,0da337aef2979db848bc2e091a2b2a206412c62c,2011,java,SECOAUTH-36,,,Minor
MISP,MISP,e74aabf924db998dccdd444109263a38caf6f39a,8e8f41ab13e574ef2b98408229dd5cf4613afb9a,2013,php,,CWE-79,,
mantisbt,mantisbt,e881dd79df422033bbea88914fc0a717fae40358,ecef0e9b523a460709e8feedfce72f05bb30b992,2017,php,CVE-2017-7309,CWE-79,3.5,LOW
mantisbt,mantisbt,e8bdd248213d2de9cfe1f9bd4bd9dc12b2f5fc73,622afd2d4bd40cc713d3e8ee7fa1d44fe5dfadd6,2014,php,CVE-2014-2238,CWE-89,6.5,MEDIUM
openssl,openssl,e97763c92c655dcf4af2860b3abd2bc4c8a267f9,652c52a602b4c88cfadb99e85ef175441b7f5d18,2016,c,CVE-2016-6302,CWE-20,5,MEDIUM
rubinius,rubinius,e9e2c98091069ebf5d82c0fe2430c8266eadbe0d,dd7f76febefbb62c1259f2abc3252378c386b427,2013,cpp,,CWE-401,,
torvalds,linux,ea8ee240251cbac73b66d70d35eeabfbff86d3ce,89fd2e282ad510f801c1f44a660086f9d5bdf088,2008,c,,CWE-404,,
josh,rails,eb5033ad6b4a12a32e1493fb5b9aeee9eb75f10e,0ee1cb2cd32bfaf47deaf5440dd5b9cf0915ab6a,2007,rb,,CWE-384,,
google,google-authenticator,eb7748cded7b14b907b7ebdec0581b6bb1e7e77e,59d1b79139b5b29d652780fce1906cb632c2eab9,2012,c,,CWE-401,,
splitbrain,dokuwiki,ebbef3b12bf9150995d42ebb1bb170b38169b443,0265c2046291f04cccff5234f3b9d47630d77192,2008,php,,CWE-79,,
josh,rails,ebfa43c423ac16bb699424d8d3db11855dd79a91,76797b443929005f43512a147e97f02f3145ed81,2008,rb,CVE-2008-3790,CWE-20,5,MEDIUM
nextcloud,server,ec1596054f9c9da9aae958b02e441185bd1b9f79,98d0d48b54764162cfa9315e3c1f42915801d16f,2014,php,,,,
WordPress,WordPress,ec1ca2236fc693ada675688d7e9ae19bd7d7a49f,19848b9d90b63469d3c70b7e79400d10795601d0,2009,php,,CWE-79,,
mantisbt,mantisbt,ecef0e9b523a460709e8feedfce72f05bb30b992,c83fe546e9f229542c88a9aede924bd5ce4663c6,2017,php,CVE-2017-7241,CWE-79,3.5,LOW
php,php-src,ed7d4977bb0e99153c67d2873488b8f572627c8a,d82d68742c69fc20a5180a2dbcca4cac52435931,2015,c,,CWE-843,,
cloudius-systems,osv,ed989d43b3198d80d75f442030070413cdfb5aaa,aff328352803b19294b4f8300bd0e20f0e1ba6b6,2014,py,,CWE-94,,
bmizerany,sinatra,ed98aed36f448f6521b404991aee41161c6756e2,01b1f4945e6e43aa670b7a68e6759fe1cb61b94a,2009,rb,,CWE-22,,
mantisbt,mantisbt,edb817991b99cd5538f102be26865fde7c6b7212,61e90d0653f1532010a00eddb70609395a42ec6c,2010,php,CVE-2010-3070,CWE-79,4.3,MEDIUM
openssl,openssl,ee1e3cac2e83abc77bcc8ff98729ca1e10fcc920,b7b8e948014d93e1eb6d954d0799ae68ab0e068b,2016,c,CVE-2016-2105,CWE-189,5,MEDIUM
pfsense,pfsense,ee3de7b191e3735b2d03a932809ed37e22e03177,034620d62ae1026679da444f860f0467ca572eb4,2015,php,,CWE-74,,
phpmyadmin,phpmyadmin,ee92eb9bab8e2d546756c1d4aec81ec7c8e44b83,dba2af651a53d5037296a1dc827081a94ef1062c,2015,php,,CWE-352,,
phpmyadmin,phpmyadmin,ef6c66dca1b0cb0a1a482477938cfc859d2baee3,79a34ff94cf801b7a158171b19b9cf98060d3f96,2016,php,CVE-2016-5703,CWE-89,7.5,HIGH
josh,rails,eede82ccb980d9d1c67cddc6972a7125ddab1949,26238ac1731208949312f4f91d75011a2da30d49,2007,rb,,CWE-79,,
mantisbt,mantisbt,f017e817762b3348d8c36f17324f07a62393656f,8bf42a625ee0d2372810acbde33be7a7fcc2aa17,2010,php,,,,
php,php-src,f06a069c462d37c2e009f6d1d93b8c8e7b713393,e8429400d40e3c3aa4b22ba701991d698a2f3b2f,2015,c,CVE-2015-6834,NVD-CWE-Other,7.5,HIGH
edx,edx-platform,f0e7dcd346f1b17505897bbe7b20365c88f51757,1961189819282cc9341889fc928f06a340b71ae5,2016,html,,CWE-79,,
pfsense,pfsense,f17f9f2891b459e3f119ced5857469b96c57dde9,35c9cd4463738ebfc07aa6099ebb8bd54e10434b,2010,inc,,,,
php,php-src,f1b2afc9d9e77edf41804f5dfc4e2069d8a12975,6477bb724e0c4e95dfc8f315cac4b7e7a692b0f8,2016,c,CVE-2016-10167,CWE-20,4.3,MEDIUM
facebook,fresco,f1e1f24de3d65aa06d51f7dde92651a3cb29ed76,6f92497f95bdfaef08ea69ba08453bb3094eb27c,2017,java,,CWE-402,,
moodle,moodle,f1f70bd4dde6cd1ea4bdb8ab28fa3d36a53b89d8,3fdc6226970bd9da9d202ba9800b8ed2a2689075,2011,php,MDL-23872,CWE-74,,Serious
deeplearning4j,deeplearning4j,f202f07bc5104a324e3217126db2261bd8c2f72e,5b85fe3577ca13836183057a79e02f92ec9f8d3c,2014,java,,CWE-121,,
curl,curl,f206d6c055d1008f0edb6d5d5920f0f300b9983a,add37cc49f241212bc29d19f9f80700458df6794,2013,c,CVE-2013-0249,CWE-119,7.5,HIGH
mantisbt,mantisbt,f21b56fa9060dbae9438b0d0dfb21dff090c1dd2,2d541e9897d7629762fbc43f1bf42463458da033,2017,php,CVE-2017-7620,CWE-352,4.3,MEDIUM
splitbrain,dokuwiki,f23f95941a400702f525923973f3612df6da82cb,6abea1c0be56a2cb5575c8921c3e6661ed565697,2015,php,,CWE-79,,
jersey,jersey,f2460a046b8d94f1140d6444a8dca494360310b4,b825ebd4f2e2670049f94d3aeecb364c92cfdf19,2014,java,,CWE-402,,
edx,edx-platform,f351b05031dfeda252518ea66f6e007884aa433d,9e8a24bfc0efc218da55ccbb3a92d9d95243cc45,2013,py,LMS-532,CWE-74,,
FFmpeg,FFmpeg,f31011e9abfb2ae75bb32bc44e2c34194c8dc40a,5dc6c0ea9ee7836df039c71259c7e538d7058243,2013,c,CVE-2013-7023,CWE-119,6.8,MEDIUM
WordPress,WordPress,f359dab72ea6c3666ba5df592d1efbb0afb5b13d,f52618027882684bff690b9428e4d3077075a900,2007,php,,,,
mantisbt,mantisbt,f5ac454eb63fde102347a021a2af0c535033d572,8414dc7a5e025958d44deb5f9a072e3caa0be381,2013,php,CVE-2013-0197,CWE-79,4.3,MEDIUM
openssl,openssl,f5c7f5dfbaf0d2f7d946d0fe86f08e6bcb36ed0d,5dfd03812c54ca72d5e4f3d866f270257e6af082,2016,c,CVE-2016-2179,CWE-399,5,MEDIUM
timburks,nu,f5ec423ec2090983f550575e76c51be4f8d1385f,8186b9cdaf1906f4bfa2a92229e2f95320e5d510,2008,m,,CWE-401,,
cakephp,cakephp,f5ed91137aa3d288d554f37b97423de2c7fea088,b088daf045a19c818d427e28d752566f3e7044e8,2010,php,,CWE-352,,
joomla,joomla-cms,f625ffbf83d7a9c5093b93b2e946a07129b4091a,2c968f0082f70e9597679a4359c5b26f391b3ac2,2006,php,,CWE-74,,
phpmyadmin,phpmyadmin,f63e1bb42a37401b2fdfcd2e66cce92b7ea2025c,951fb4dd79253a3aca8b6e386db77c1affcfc3a9,2011,php,,CWE-98,,
mantisbt,mantisbt,f66440902877103f312905257dbccdad02ab5a3b,f21b56fa9060dbae9438b0d0dfb21dff090c1dd2,2017,php,CVE-2017-7620,CWE-352,4.3,MEDIUM
owncloud,core,f6e61a296f67f71a1c6d5d5bf8d7e891cd708b43,9b3c4e8dc453a674c0f1aee8c60e9d7f24b34e49,2015,php,,,,
WordPress,WordPress,f72b21af23da6b6d54208e5c1d65ececdaa109c8,f91a5fd10ea7245e5b41e288624819a37adf290a,2015,php,CVE-2015-5714,CWE-79,4.3,MEDIUM
mantisbt,mantisbt,f779e3d4394a0638d822849863c4098421d911c5,b509ab380f91e84d9683dbfdb02206b88a9b86fb,2014,php,CVE-2014-8553,CWE-200,5,MEDIUM
zxing,zxing,f7392b3ffebd6c281e543914057b85922757f3d5,99ca70d7f301c45429f9d4c62e127c20f2bd2649,2010,cpp,,CWE-401,,
AFNetworking,AFNetworking,f801bc453c8c74d7cd92482a67b66537e72b4835,648c650ae700ceba6caf8f9753e7f1a1d1e8ee04,2011,m,,CWE-401,,
vanilla,vanilla,f8b4d1fab5e69a960a2a56c9817aab9bb5b46b66,0a22506c76ac419d390d5d1bde5ec5f48b195358,2011,php,,CWE-208,,
WordPress,WordPress,f8e7680cd61652b16d30948968adafe0d4dcdd54,02424959e4dbbbf3c989c6d36f5807b6bb3ad7d8,2016,php,,CWE-208,,
josh,rails,f92d6a07d0d01226fb80c82608d332843c01f2d6,44e6aa7e19928f401e8728ddc2f4d7f6e3d6e105,2006,rb,,CWE-401,,
openssl,openssl,f962541d0be200055e508641ddf3a8ec8819e4df,bf52165bda53524a267c784696bd074111a2f178,2016,c,CVE-2016-7053,CWE-476,5,MEDIUM
openssl,openssl,f9b6c0ba4c02497782f801e3c45688f3efaac55c,a029788b0e0c19cee4007cc1f73201cf2c13addf,2014,c,CVE-2014-0076,CWE-310,1.9,LOW
curl,curl,fa1ae0abcde5df8d0b3283299e3f246bedf7692c,38ed72cd3733e0d809c4b7023151d3f06e7274ef,2012,c,CVE-2012-4929,CWE-310,2.6,LOW
mattpass,ICEcoder,fa48d0d2f059fb8921e895b9e20e79de3c726154,ec44407e25b15bf70c734cae759092456d0e5c87,2014,php,,CWE-22,,
josh,rails,fad83d8cbbbd0862a758a1c09c7dcc6f74a25d60,64249223ebb2b51814d8764c498b14a12d072b83,2012,rb,,CWE-401,,
php,php-src,fb04dcf6dbb48aecd8d2dc986806cb58c8ae5282,8b14d3052ffcffa17d6e2be652f20e18f8f562ad,2015,c,CVE-2015-2305,CWE-189,6.8,MEDIUM
torvalds,linux,fc878efe84c342441706fcdf776e08fe455fe9c1,9f0df936b1b93a7fab5b9ed73009f43369c121ea,2016,c,,CWE-404,,
postgres,postgres,fcd15f13581f6d75c63d213220d5a94889206c1b,41f18f021a0882eccbeca62e2ed4b66c6b96e9c9,2016,c,CVE-2016-5424,CWE-94,4.6,MEDIUM
cakephp,cakephp,fcec8ef537e61573b9dfe43d2742c56b40473aaf,0c7720e8f8f795233b5809419bfa024c4bed9eb1,2014,php,,CWE-22,,
cloudius-systems,osv,fd905d5cf9139bac289fdd9551c56ca538f57f6f,6e438d21fe85ad73c6d9f4b3eae11e39a8d87643,2014,c,,CWE-667,,
php,php-src,fd9689745c44341b1bd6af4756f324be8abba2fb,b15f0ecc0f34364fd7ce924b4164be4e8198ff93,2016,c,CVE-2016-4540,NVD-CWE-Other,7.5,HIGH
openstack,nova,fdb73a2d445971c6158a80692c6f74094fd4193a,e5ed57dc3f93164ee8c09b13c60e7712736ad58a,2015,py,,,,
inspircd,inspircd,fe7dbd2c104c37f6f3af7d9f1646a3c332aea4a4,eba7e6655a21c752912995aa04355f0df112f8e5,2012,cpp,CVE-2012-1836,CWE-119,7.5,HIGH
josh,rails,fee0bc57385b564b2789d199969ac26409603188,90c9ae58010ee1a00c0eb5637533ed8b5e216ac2,2012,rb,CVE-2012-3424,CWE-287,5,MEDIUM
osTicket,osTicket,ff1d8b9e599a1ec315a9c34c279ba3645218c766,03a84301e2e0e6875058814e877b7f7cffa33a98,2012,php,,CWE-352,,
apache,cassandra,ffbcb4b11b40c52253b02098ca0225b9cf426cd2,4d637f1f1b62593e0c52e49966e3f286bf65c3e9,2012,java,CASSANDRA-4820,CWE-403,,
